full_name,email
Dulci Housiaux,dhousiauxji@amazon.co.jp
Cyndi Huscroft,chuscroft1g@sciencedaily.com
Mallissa Wicklen,mwicklenlt@freewebs.com
Theodoric Birkhead,tbirkhead9d@clickbank.net
Alissa Mellenby,amellenby19@wsj.com
Walliw Quibell,wquibell74@ebay.com
Isa Kewzick,ikewzicki3@51.la
Eirena Kleinstub,ekleinstub9a@cbsnews.com
Maynard Tissell,mtissellmu@thetimes.co.uk
Sacha Barde,sbarde99@phoca.cz
Karry Hiorn,khiorn5j@eepurl.com
Josy O'Reilly,joreillyj7@telegraph.co.uk
Astra Karim,akariml6@deviantart.com
Charleen Gornar,cgornar6u@theguardian.com
Libbi Van Leeuwen,lvanleeuwengu@ehow.com
Faustine Raiman,fraimanpo@skype.com
Coreen Kesper,ckesperas@trellian.com
Bryn Muat,bmuate1@surveymonkey.com
Lancelot Stribling,lstribling9z@nsw.gov.au
Peder Corona,pcorona5a@xrea.com
Bridgette Crookall,bcrookall53@tmall.com
Gran Lazare,glazare1n@samsung.com
August Glason,aglasonbn@themeforest.net
Barbey Solan,bsolanci@arstechnica.com
Jodie Tertre,jtertregz@technorati.com
Kevon Landal,klandal3t@zdnet.com
Blythe Bothe,bbothe7y@fda.gov
Rolando Aggs,raggs3@paypal.com
Vidovic Gaiter,vgaitergn@berkeley.edu
Kimble Welburn,kwelburn1q@google.com.hk
Sharia Boraston,sboraston5g@ted.com
Arvie Flawith,aflawithne@arizona.edu
Ransom Kobke,rkobke7b@geocities.com
Lisabeth Darch,ldarch5u@army.mil
Sam Gookey,sgookeybx@blogtalkradio.com
Nollie Jarnell,njarnellfm@weebly.com
Cyril MacSharry,cmacsharry6a@devhub.com
Hebert Surgeon,hsurgeonjb@elegantthemes.com
Misty Dempster,mdempsterm3@vinaora.com
Tanner Weed,tweeddr@ycombinator.com
Tadeo Ridings,tridingsmb@about.com
Cosimo Gradly,cgradly1h@networksolutions.com
Gabriellia Dallman,gdallmanfv@msu.edu
Ronnie Chidwick,rchidwickcu@addtoany.com
Faber Trigwell,ftrigwellcw@statcounter.com
Sabrina O'Henery,soheneryhv@free.fr
Sander Langwade,slangwadegy@zdnet.com
Benjy Fredy,bfredym2@google.it
Agustin Zorzutti,azorzutticg@is.gd
Hermy Delmonti,hdelmonti81@nymag.com
Tadd Rugg,truggdx@devhub.com
Terencio Castel,tcastel9s@edublogs.org
Sianna Stenners,sstennersqq@yahoo.com
Freddie MacAllan,fmacallanba@ebay.com
Marci Ceschelli,mceschelliky@psu.edu
Cordie Sirette,csirettep8@msn.com
Alexia Naisey,anaisey8d@people.com.cn
Saxe Varvell,svarvell7v@blinklist.com
Simeon Pauwel,spauwel9j@foxnews.com
Niles Salmoni,nsalmonij4@people.com.cn
Eydie Sidsaff,esidsaffpk@howstuffworks.com
Pavlov Jailler,pjailleri@ning.com
Marieann Hiddy,mhiddy8a@yolasite.com
Ozzie Largen,olargen1@lulu.com
Melodee Dorrity,mdorrityo2@bbb.org
Emery Skyme,eskyme2x@barnesandnoble.com
Charisse Manchester,cmanchestergh@cam.ac.uk
Dari Robeson,drobeson7l@bravesites.com
Alexio Somers,asomers1m@illinois.edu
Jeramie Bonellie,jbonelliek5@reddit.com
Debbi Forsard,dforsardbw@usgs.gov
Boot Spon,bspon2u@mapquest.com
Faun Simunek,fsimunekf0@gov.uk
Ambrosi Gleeson,agleeson4m@discovery.com
Florri Creer,fcreerdc@angelfire.com
Vanny Housley,vhousley2l@cocolog-nifty.com
Halie Salvidge,hsalvidgeju@quantcast.com
Abbey Masding,amasding4a@usnews.com
Galen Fechnie,gfechniehk@wired.com
Lesley Goatcher,lgoatcherkv@skype.com
Melva Goodhall,mgoodhallgk@youtube.com
Godard Hartwell,ghartwell1w@mediafire.com
Aila Strete,astreteu@guardian.co.uk
Bob Bushnell,bbushnell7j@infoseek.co.jp
Shaun Bonny,sbonnyfq@devhub.com
Nikki Bakster,nbaksterj@techcrunch.com
Florentia Gieves,fgieveshu@desdev.cn
Ginger Hurler,ghurler5k@webeden.co.uk
Mickie Grolle,mgrolleo9@psu.edu
Gillie Degnen,gdegnenag@wix.com
Elvira Dollard,edollard35@symantec.com
Aliza McKibbin,amckibbinkx@si.edu
Mari Padson,mpadsoncq@shareasale.com
Rayshell Vaugham,rvaughamab@wsj.com
Conni Hadfield,chadfield4f@gov.uk
Lonny Sallery,lsallery9i@hp.com
Desirae Fallen,dfallen37@bloglines.com
Nissy Yepiskov,nyepiskovfl@springer.com
Ray Mansion,rmansionh9@umich.edu
Reagan Lemmers,rlemmers25@godaddy.com
Emmery Robertsson,erobertssonqt@naver.com
Jere McLanachan,jmclanachanrr@wp.com
Murvyn Guilbert,mguilbertqr@ox.ac.uk
Desi Spieght,dspieghta9@oracle.com
Yorke Loughead,yloughead68@multiply.com
Norma Goodsell,ngoodsell4s@virginia.edu
Margeaux Alliston,mallistonbv@tumblr.com
Sadie Heppner,sheppnerel@elpais.com
Gui Bysshe,gbyssheki@auda.org.au
Ely Meneghi,emeneghiqh@cbsnews.com
Giuseppe Cawston,gcawstonoc@sun.com
Patrizius Woodruff,pwoodruffou@fda.gov
Billy Frentz,bfrentza8@seesaa.net
Dulcea Shooter,dshooter7q@bigcartel.com
Latia Crass,lcrass8t@mapquest.com
Cassie Tippings,ctippingsg7@tripadvisor.com
Philippa McCrea,pmccreamr@reference.com
Gav Cella,gcellahn@patch.com
Araldo Fick,afickmh@cocolog-nifty.com
Madelaine Wesker,mweskernh@youtu.be
Edik Buckel,ebuckel5w@google.es
Bunni Riby,bribyj1@php.net
Maxwell Bullant,mbullantqn@discovery.com
Sari Haddon,shaddon9t@blogger.com
Lynnett Orbon,lorbongv@webmd.com
Egon Szymonowicz,eszymonowiczpt@friendfeed.com
Patrice Scrymgeour,pscrymgeour2e@topsy.com
Madel Ealam,mealamma@blogger.com
Thoma Stanwix,tstanwix6v@deviantart.com
Zorina Drydale,zdrydale7c@myspace.com
Juana Swash,jswash3y@reference.com
Daloris Ashpole,dashpoleqe@a8.net
Jaymee Olivera,jolivera5n@ameblo.jp
Tamra Philson,tphilson4h@springer.com
Bernice Gatecliffe,bgatecliffebh@jiathis.com
Morgan Mogridge,mmogridge73@arizona.edu
Mignonne Tall,mtall7r@ehow.com
Durant Ridhole,dridholein@ucsd.edu
Rycca Nellis,rnellisc4@seesaa.net
Vincent Gotecliffe,vgotecliffe2p@nbcnews.com
Quincey Ellul,qellulda@nih.gov
Shandy Cragell,scragellmw@w3.org
Valenka Hancock,vhancock8s@foxnews.com
Carmelia Dowrey,cdowreyoz@narod.ru
Liva Earpe,learpe9q@jiathis.com
Algernon Bonnick,abonnickhx@unc.edu
Benedict Fellona,bfellonace@irs.gov
Arte Corp,acorpnq@timesonline.co.uk
Zorana Klimecki,zklimecki1l@networksolutions.com
Rodd Atyeo,ratyeok6@google.com.hk
Sheba Howley,showleyfy@cdc.gov
Grete Wohler,gwohlerac@blogspot.com
Victoria Jarnell,vjarnell5b@4shared.com
Poul Neesam,pneesamh2@is.gd
Donia Bartomeu,dbartomeu4p@nba.com
Avrit Mc Faul,amcfaulqv@dailymail.co.uk
Westbrook Pounsett,wpounsett9b@vimeo.com
Rois Suddock,rsuddockfw@cloudflare.com
Janeta Briffett,jbriffettik@livejournal.com
Christalle Swalwell,cswalwell26@goo.gl
Geraldine Giamelli,ggiamelli5h@marriott.com
Salvador Damsell,sdamsell44@guardian.co.uk
Alonzo Bau,abaulu@ft.com
Maggie Liggins,mliggins7a@studiopress.com
Bryna Stainfield,bstainfieldf5@etsy.com
Carney Telezhkin,ctelezhkinlc@theguardian.com
Elianore Syalvester,esyalvesterho@csmonitor.com
Tris Kemmet,tkemmetl3@studiopress.com
Abbey Cockaday,acockadayb9@deliciousdays.com
Juline Redhills,jredhills1c@wufoo.com
Gabbie Duncan,gduncana0@engadget.com
Farrell Ainscough,fainscough7i@bravesites.com
Orren Middas,omiddasgj@google.com.hk
Payton Grigoliis,pgrigoliisfo@flickr.com
Herta Worham,hworham2f@free.fr
Yuma Kynman,ykynman48@tumblr.com
Kenny Dickie,kdickiemy@simplemachines.org
Margareta Groom,mgroom3p@xrea.com
Belvia Castelain,bcastelain63@ox.ac.uk
Leroi Gallie,lgallie2s@icio.us
Prinz Verdie,pverdieg6@sina.com.cn
Hale Purdy,hpurdyjg@shinystat.com
Laurens Bliven,lblivenq5@noaa.gov
Elbertina Custard,ecustardg0@yale.edu
Jose Gallety,jgallety3x@unesco.org
Pearle D'Aeth,pdaeth4k@mapy.cz
Manya Shoebotham,mshoebothamqi@nhs.uk
Shauna Auld,saulddt@de.vu
Brit Deluze,bdeluzebm@reddit.com
Nat Haker,nhakerlv@gov.uk
Rabi Cridland,rcridland6g@blogspot.com
Bianka Iaduccelli,biaduccelli45@wikia.com
Madge Purkiss,mpurkiss6q@imdb.com
Sonya Tappington,stappington9c@hp.com
Mace Dudley,mdudleyrf@is.gd
Montague Vallender,mvallenderhi@europa.eu
Sander Quail,squaill2@who.int
Gayel Rhelton,grhelton7p@hhs.gov
Vivian Enderlein,venderleinm8@cyberchimps.com
Tresa Enric,tenric10@yolasite.com
Baillie Sarah,bsarah88@cargocollective.com
Tristan Hollindale,thollindaledd@i2i.jp
Thibaut Sulman,tsulmanie@who.int
Guenevere Halpen,ghalpenke@amazon.de
Katalin Kennaird,kkennaird9n@cnet.com
Nananne Antonescu,nantonescucz@auda.org.au
Hayes Frost,hfrostox@list-manage.com
Elvira Dryburgh,edryburghix@slate.com
Jewel Blanko,jblankom7@topsy.com
Alejandra McQuirk,amcquirk9k@berkeley.edu
Frances Larderot,flarderotcx@reference.com
Lauren Gierok,lgierok2h@pbs.org
Ange Leber,aleber12@nydailynews.com
Winne Van den Oord,wvandenoordz@acquirethisname.com
Laurent Pummell,lpummellnk@biglobe.ne.jp
Beale Featherstone,bfeatherstonerp@csmonitor.com
Manfred Somerlie,msomerliepw@histats.com
Virgilio Frenchum,vfrenchum46@merriam-webster.com
Dode Dashkovich,ddashkovichi6@addtoany.com
Marlo Oldknowe,moldknowe6r@about.com
Jeniffer Silberschatz,jsilberschatz2q@vk.com
Letitia Everly,leverly2@netscape.com
Meier Noury,mnouryq8@flickr.com
Birgitta Sandle,bsandleen@go.com
Cass Brisset,cbrisset3k@newsvine.com
Merissa Sharplin,msharplindv@google.pl
Harli Dockrell,hdockrellk@yahoo.com
Arlene Kose,akoseom@theatlantic.com
Tirrell Samart,tsamartdm@ezinearticles.com
Carlin Spataro,cspataro9v@e-recht24.de
Simon Gate,sgaterb@furl.net
Gloriane Gair,ggairaf@dion.ne.jp
Brit Corkell,bcorkellrg@ucoz.com
Madeleine Symones,msymoneshg@spiegel.de
Hilary Ondrus,hondruspd@ning.com
Sigismund Mateus,smateusro@skype.com
Tedra Tuny,ttunyqo@opensource.org
Jonah Carek,jcarekey@nifty.com
Thia Neumann,tneumanngw@netvibes.com
Cass Hankins,chankinskb@godaddy.com
Erhard Mc Caughen,emccaughenah@angelfire.com
Domenic Camoys,dcamoyshm@fema.gov
Portie Stedell,pstedellr8@ft.com
Mellie Gillford,mgillfordh3@wikimedia.org
Gerrie Arkley,garkleybu@e-recht24.de
Hana Kimblen,hkimblenig@1688.com
Meghann Meran,mmeranep@wikispaces.com
Theressa Tofts,ttoftsle@youtu.be
Pail Kenright,pkenrighte5@wufoo.com
Sal Gauntley,sgauntleykk@accuweather.com
Frederich Katz,fkatzi0@angelfire.com
Vonny Duling,vduling4w@creativecommons.org
Rriocard Spark,rsparka5@guardian.co.uk
Helaine Stentiford,hstentifordy@booking.com
Celinka Garnson,cgarnsonge@who.int
Dorise Shailer,dshailer2i@bloglovin.com
Gino Hucklesby,ghucklesbyp0@wikimedia.org
Solomon Larderot,slarderotan@who.int
Cosette Muddle,cmuddle9f@abc.net.au
Genovera Reynalds,greynaldsk2@aol.com
Saree Peschka,speschkaiq@deliciousdays.com
Buffy Duggary,bduggarym1@omniture.com
Brynn Carnew,bcarnewec@mit.edu
Shirlee Bagguley,sbagguley3f@soundcloud.com
Guinna Tickel,gtickel14@clickbank.net
Traver Llorens,tllorenseu@w3.org
Fancy Buddleigh,fbuddleighs@upenn.edu
Gale Wildor,gwildor6y@reference.com
Hussein Jerman,hjerman8g@rakuten.co.jp
Wernher Sparkes,wsparkeseh@netscape.com
Rubi Wolford,rwolford5x@mediafire.com
Cash Moreton,cmoretonpg@mayoclinic.com
Lynette Dripps,ldripps52@dion.ne.jp
Brice Kaliszewski,bkaliszewskiad@usnews.com
Page Grumell,pgrumellr0@wikimedia.org
Pollyanna Odgaard,podgaardea@sina.com.cn
Marchelle Drains,mdrainsh8@epa.gov
Eran Groarty,egroartyew@google.com
Olly Baptist,obaptistkl@virginia.edu
Anallise Featherstone,afeatherstonehe@qq.com
Marchall Matthewes,mmatthewesn4@surveymonkey.com
Rhianna Jachimiak,rjachimiako1@scribd.com
Brigida Clowes,bclowes7k@nature.com
Hugibert Rake,hrake1j@unesco.org
Ignaz Bargery,ibargeryaj@ifeng.com
Evaleen Snasdell,esnasdellhj@yahoo.co.jp
Brit Denyer,bdenyer8z@umn.edu
Cad Withur,cwithur8l@npr.org
Van Haggard,vhaggardct@prlog.org
Rodi Tatersale,rtatersalerm@furl.net
Carmencita Rooke,crookeof@elpais.com
Ebonee Dymoke,edymokenl@uol.com.br
Nilson Cyphus,ncyphus2v@amazonaws.com
Stoddard Daggett,sdaggettnt@blogtalkradio.com
Armstrong Chaudret,achaudretjj@nps.gov
Ethel Borgnol,eborgnolp@pbs.org
Quinlan Bagguley,qbagguleyht@guardian.co.uk
Pascal Blofeld,pblofeld55@constantcontact.com
Briano Dolle,bdollekw@virginia.edu
Vasili Brehault,vbrehaultfc@pagesperso-orange.fr
Pandora Cashin,pcashinqf@microsoft.com
Scarlett Hammelberg,shammelberg5l@mayoclinic.com
Aylmer Siege,asiege1r@tumblr.com
Sunny Dundon,sdundonkq@foxnews.com
Zarah Southerell,zsoutherelliw@i2i.jp
Chad Scotland,cscotland9w@soup.io
Ellswerth Poundsford,epoundsfordhl@instagram.com
Pablo Gavagan,pgavaganr5@w3.org
Gayle Schruur,gschruurp4@skyrock.com
Abby McRobb,amcrobbo0@1und1.de
Nerte Kenlin,nkenline2@example.com
Dallas Clemonts,dclemontskj@discuz.net
Kayley Dunstone,kdunstone2n@infoseek.co.jp
Marielle Manton,mmanton2z@princeton.edu
Jacklin Devitt,jdevittds@hp.com
Kahaleel Postins,kpostinsgl@xrea.com
Brian Inott,binottpu@dagondesign.com
Ogden Antoniottii,oantoniottiicb@storify.com
Marianna Uc,mucn7@domainmarket.com
Daisi Gascoigne,dgascoignemf@163.com
Marie Aimeric,maimericl4@ibm.com
Nealon Gwyneth,ngwynethnv@chron.com
Kathleen Finlan,kfinlank9@jimdo.com
Andrew Artz,aartzlm@google.nl
Demetrius Stirrup,dstirrup4n@pen.io
Ely Humby,ehumbymd@thetimes.co.uk
Geri Zannini,gzanninii5@angelfire.com
Lonee Moncarr,lmoncarr97@skype.com
Chad Brotherwood,cbrotherwoodpf@creativecommons.org
Marcos Solly,msollyeq@ted.com
Sena Phetteplace,sphetteplace4y@surveymonkey.com
Cy Kagan,ckagan7e@reuters.com
Wash Pea,wpeai7@mapy.cz
Babbette Weatherell,bweatherell1b@npr.org
Tannie Barhems,tbarhemsbq@shop-pro.jp
Camila McKimmey,cmckimmey4t@jalbum.net
Paulette Noor,pnoor70@dailymail.co.uk
Angelo Pettet,apettetbb@tumblr.com
Cary Cashen,ccashenex@wikia.com
Sofie Assur,sassurdp@bluehost.com
Freddy Gosson,fgossonf7@sogou.com
Armand Scholling,aschollingc9@themeforest.net
Hedy Beeke,hbeekeef@51.la
Tye Phillp,tphillpii@gov.uk
Sacha Eaglesham,seagleshamkm@yelp.com
Kore Chrippes,kchrippeseb@foxnews.com
Kienan Stiell,kstiellei@sitemeter.com
Tully Bulfoy,tbulfoyim@ucoz.com
Gaelan Lipyeat,glipyeatbk@ucsd.edu
Sybille Shirtliff,sshirtliffl7@digg.com
Arri Willshear,awillshear4x@alexa.com
Rudiger Harbron,rharbronjq@cbslocal.com
Jarad Rizzini,jrizzini6k@yandex.ru
Donica Norwich,dnorwichfi@opera.com
Maynord Pasfield,mpasfield91@rediff.com
Nowell Swafford,nswaffordll@vkontakte.ru
Ronnica Start,rstarthy@miitbeian.gov.cn
Tobye Huggon,thuggongf@zimbio.com
Lovell Pelos,lpeloslp@slideshare.net
Lark Vasin,lvasind6@github.com
Noelyn Leavold,nleavoldok@who.int
Abbye Disbrey,adisbreydq@alibaba.com
Halley Barta,hbarta4l@ow.ly
Melicent Wasson,mwassonli@thetimes.co.uk
Jacobo Boleyn,jboleynfg@oracle.com
Juanita Simonsen,jsimonsenhs@yolasite.com
Terrel Sprowell,tsprowellc5@accuweather.com
Lucas Frankowski,lfrankowskicy@globo.com
Elspeth Soeiro,esoeiroq@narod.ru
Auria Aindriu,aaindriub8@multiply.com
Boote De Lasci,bdelascidn@xrea.com
Lester Grigoriscu,lgrigoriscuiz@163.com
Steffane Thyng,sthyng59@upenn.edu
Ruperto Bault,rbaultdl@forbes.com
Dante de Nore,ddenorepb@vinaora.com
Humfried Standish,hstandishoj@uol.com.br
Lorelle Sandeland,lsandelandb6@chron.com
Carmina Kopman,ckopman3w@google.com.au
Daveen Burgum,dburgum34@nhs.uk
Grace Southcombe,gsouthcombebz@linkedin.com
Evie Skrzynski,eskrzynskioe@hostgator.com
Donaugh Patise,dpatise17@newsvine.com
Jeannie Margetson,jmargetson5e@chicagotribune.com
Nada Playden,nplaydenni@unesco.org
Devi Micka,dmickab2@dion.ne.jp
Rorie Gowlett,rgowlett29@independent.co.uk
Franny Panketh,fpankethnj@cisco.com
Heidie Bolle,hbolle4@reddit.com
Avril Goff,agoffc1@narod.ru
Duffy Sindell,dsindellk8@hugedomains.com
Rosabelle Satterthwaite,rsatterthwaitec8@economist.com
Reinaldo Renzullo,rrenzulloqg@comcast.net
Goran Crook,gcrookbr@shinystat.com
Evered Fudge,efudged4@latimes.com
Bel Cleall,bcleallj5@wsj.com
Rania Musicka,rmusicka3l@youtube.com
Garnette Smogur,gsmogurcc@google.de
Brand Kennady,bkennadyje@msu.edu
Reg Huggen,rhuggenf1@gov.uk
Bartholomew Jeckell,bjeckellau@yellowpages.com
Sherwin Simister,ssimister7m@gmpg.org
Claudia Kerr,ckerrn2@gnu.org
Kayla Diggons,kdiggonspm@deliciousdays.com
Nevil Ivanyushkin,nivanyushkin16@google.com
Eydie Tinsley,etinsleyjv@harvard.edu
Karoly Tzar,ktzarmq@washington.edu
Twila Kenford,tkenfordez@simplemachines.org
Itch Wiles,iwileslz@webs.com
Ode Hulme,ohulmefd@i2i.jp
Roderigo Blaksland,rblakslandl0@wix.com
Linnell Tabourin,ltabouringc@xing.com
Darcy Pinnere,dpinnerehd@indiatimes.com
Jamison Kirvin,jkirvinb1@timesonline.co.uk
Kendricks Rubenchik,krubenchikra@photobucket.com
Natassia Piggens,npiggens4e@gmpg.org
Gratiana Scoggins,gscoggins8v@icio.us
Bo Boatswain,bboatswain49@quantcast.com
Cassie Hammerberg,chammerbergaq@hao123.com
Anjela Scarasbrick,ascarasbricknf@latimes.com
Annabella Climson,aclimsong8@blog.com
Karlene Moncaster,kmoncasterqk@infoseek.co.jp
Madelina Ofer,moferi2@bloglines.com
Karia Ashdown,kashdownjd@artisteer.com
Fred Newarte,fnewartecs@wisc.edu
Sergeant Fountain,sfountainlo@unesco.org
Iona Scottesmoor,iscottesmoorr6@illinois.edu
Ania Cockell,acockellhh@eepurl.com
Gayleen Proughten,gproughteni8@phoca.cz
Jake Jepson,jjepsoner@wiley.com
Martino Parsons,mparsonsg2@yellowbook.com
Lynnell Czyz,lczyz1a@patch.com
Lilas Brendel,lbrendel6n@mashable.com
D'arcy Jojic,djojic3u@about.me
Conrade Baford,cbafordo4@ovh.net
Red Curd,rcurdqs@unicef.org
Zak Van Geffen,zvangeffen3s@amazon.co.jp
Steffie Hoodlass,shoodlass30@pinterest.com
Nina Ramsbottom,nramsbottomjf@amazon.co.jp
Legra Aplin,laplinfh@ucoz.ru
Dell Nannizzi,dnannizziar@miibeian.gov.cn
Kerrin Petersen,kpetersen3g@princeton.edu
Shanie Aspinall,saspinallgx@myspace.com
Eunice Fallowfield,efallowfieldnz@seattletimes.com
Cordie Nowick,cnowickkz@yandex.ru
Zebulen Vigurs,zvigurs8@state.gov
Georgine Verrell,gverrellrl@163.com
Annabal Lowten,alowtenbo@typepad.com
Monika Bayston,mbaystonkc@theglobeandmail.com
Odo Kisbee,okisbeeeo@admin.ch
Gypsy Gier,ggierh@pcworld.com
Lorrie Meale,lmealemj@4shared.com
Stirling Father,sfatherg4@discovery.com
Cecelia Maseres,cmaseres5c@naver.com
Tadeas Kilford,tkilford3z@soup.io
Easter Foxcroft,efoxcroft3v@livejournal.com
Darnell Eacott,deacottby@upenn.edu
Raoul MacMenemy,rmacmenemyde@reverbnation.com
Wheeler Dacca,wdaccabp@cargocollective.com
Arturo Jonin,ajoninpn@seesaa.net
Natty O'Lahy,nolahymz@reverbnation.com
Lorelei Pendock,lpendock69@sourceforge.net
Thea Hegg,thegg38@google.fr
Erica Chevalier,echevalier1d@rediff.com
Tudor Eliaz,teliazpc@msu.edu
Toiboid Gedney,tgedney2o@unc.edu
Jenna Wellwood,jwellwooddz@squidoo.com
Eydie Schult,eschult9h@marriott.com
Emory McCaskill,emccaskill8h@virginia.edu
Devonna Attac,dattaca7@joomla.org
Olga MacAdie,omacadie77@blogger.com
Alejandra Barock,abarockrc@icq.com
Son Methley,smethleyjt@sohu.com
Ruby Iddiens,riddiensol@dropbox.com
Aurore Aiston,aaiston6j@example.com
Demott Billows,dbillowsjx@washington.edu
Terrence Blyden,tblyden2w@unblog.fr
Benedict Billborough,bbillborough8e@wufoo.com
Hyacinth Espie,hespiejk@biblegateway.com
Errol Alfonso,ealfonso9g@trellian.com
Ruddie Foot,rfootil@nps.gov
Pasquale Barrack,pbarrackq3@comsenz.com
Hallsy Andreasen,handreasenka@pbs.org
Xylina Leivesley,xleivesleyo5@ow.ly
Haskel Boughton,hboughtonc@google.com.br
Rhianon Lowther,rlowtherif@storify.com
Jerrylee Tamburi,jtamburib@networksolutions.com
Margarete Hightown,mhightown2r@si.edu
Zandra Armour,zarmour87@wordpress.org
Torie Mancer,tmancerfa@cnet.com
Rog Sellar,rsellarir@plala.or.jp
Mitchell Vitet,mvitetcl@salon.com
Lucas Lucius,lluciusr4@g.co
Keen Rhymes,krhymes50@xrea.com
Ivett Bletcher,ibletcherp1@huffingtonpost.com
Yurik Coundley,ycoundleypy@multiply.com
Manon Chaffey,mchaffey32@canalblog.com
Josiah Selvey,jselveyr9@instagram.com
Freeland Foster-Smith,ffostersmith2j@drupal.org
Dorothee Long,dlongmp@netscape.com
Thia Lucia,tluciamk@google.nl
Minor Glaze,mglazeqy@ebay.co.uk
Lisha Steffans,lsteffansjl@china.com.cn
Druci Oganesian,doganesian2t@canalblog.com
Hali Castelot,hcastelotn5@rediff.com
Gallard McIlmurray,gmcilmurray79@unesco.org
Ursula Sarll,usarll5r@newsvine.com
Michel Haile,mhailere@sina.com.cn
Bryn Kilius,bkiliuso@pen.io
Everett Ianni,eiannilf@miitbeian.gov.cn
Dell Killough,dkillough8w@a8.net
Gaile Grolmann,ggrolmannq6@redcross.org
Renado Archibald,rarchibald3r@economist.com
Valina Emmitt,vemmittbe@java.com
Maude Quinton,mquintonh0@usgs.gov
Gayle Pedler,gpedleroh@opensource.org
Gery Hansbury,ghansbury1e@edublogs.org
Ezechiel Maudett,emaudettgd@tumblr.com
Shell Oret,soret3d@ucsd.edu
Cleveland Hyndman,chyndmanej@weather.com
Verge Fareweather,vfareweathero7@whitehouse.gov
Courtney Slowgrove,cslowgrove6h@oaic.gov.au
Kania Bentall,kbentall5v@cdc.gov
Almeria Manclark,amanclark7t@tuttocitta.it
Pippy Biesty,pbiestyb7@thetimes.co.uk
Far Attoe,fattoe51@yolasite.com
Beryl Huskinson,bhuskinsonrh@is.gd
Sari Machans,smachansh6@biblegateway.com
Marven Aplin,maplinlj@ning.com
Bale Jocelyn,bjocelyna3@ucla.edu
Ker Coast,kcoastbi@huffingtonpost.com
Lorine Ca,lcanu@toplist.cz
Darcie Longstaff,dlongstaffid@vinaora.com
Marj McAlinden,mmcalinden8k@comsenz.com
Gawain Hudleston,ghudleston8y@amazon.com
Alonso Smitherman,asmithermankr@hhs.gov
Auguste Senter,asenter7o@fotki.com
Allyn Lobell,alobell4b@home.pl
Benedikt Lovekin,blovekin5y@wisc.edu
Nyssa Lindenfeld,nlindenfeldit@miibeian.gov.cn
Boony Dongles,bdongles2a@epa.gov
Rubin Kemell,rkemellih@php.net
Wendy Rosenblum,wrosenblumfp@miibeian.gov.cn
Husain Vineall,hvineallf@omniture.com
Gregg Hoggan,ghoggand2@bloglines.com
Mickie Brien,mbrienow@51.la
Raff Lapwood,rlapwoodk0@bing.com
Cornell Coiley,ccoileya4@google.co.jp
Wilona Leakner,wleaknerqz@walmart.com
Janet Wrist,jwristhr@g.co
Adele Tasseler,atasselerku@wix.com
Yasmin Outibridge,youtibridgeck@apache.org
Cybil Witsey,cwitseypx@ask.com
Lyman Kunat,lkunato3@tripod.com
Harli O'Moylane,homoylanee3@lycos.com
Rickert Faiers,rfaiersb3@wikimedia.org
Conan Balsom,cbalsom61@ameblo.jp
Fonzie Stair,fstair3q@google.nl
Farlie Tabord,ftabord47@hp.com
Carlita Shovell,cshovelln6@goo.gl
Marcellus Pascho,mpascho5p@un.org
Eliza Dakhov,edakhovdf@networkadvertising.org
Lorene Goodsal,lgoodsalgt@tripod.com
Enrika Swyer-Sexey,eswyersexeyfu@aboutads.info
Brunhilda Kenderdine,bkenderdineio@artisteer.com
Wilfred Brezlaw,wbrezlawmi@alexa.com
Meryl Gabb,mgabbm5@blinklist.com
Rhonda Bohden,rbohdenkg@umich.edu
Heida Edes,hedesm4@devhub.com
Minne Force,mforcebd@ucsd.edu
Rudiger Collin,rcollinld@exblog.jp
Romola Hachette,rhachette90@sun.com
Addison Smooth,asmooth6f@java.com
Addy Cullotey,aculloteyd7@dailymotion.com
Moritz Burnet,mburnet6p@state.gov
Gabriello Paliser,gpaliserv@pinterest.com
Floria Spavon,fspavonq9@columbia.edu
Dorolice Inman,dinmannp@nbcnews.com
Gisela Hymer,ghymerjp@sphinn.com
Tate Maltman,tmaltmanc2@army.mil
Nerti Gerardi,ngerardi1f@hc360.com
Thomasin MacVicar,tmacvicarja@bluehost.com
Dawna Perel,dperel80@goo.gl
Rebekah Antonellini,rantonellinihc@rediff.com
Ade Gail,agailns@goo.ne.jp
Chandal Gibbonson,cgibbonsonjw@cnn.com
Lorena Saywood,lsaywoodaw@gnu.org
Katrina Dickson,kdickson8f@blogspot.com
Lenette Dudley,ldudleyqm@g.co
Bari Moryson,bmorysonri@army.mil
Adler Trehearne,atrehearneln@joomla.org
Jacquetta Dunstone,jdunstonehz@yellowbook.com
Augie Ivankov,aivankovx@fastcompany.com
Evangelina Linay,elinaycp@phoca.cz
Dexter Grinov,dgrinov7z@eventbrite.com
Bary Briars,bbriarsp7@histats.com
Beauregard Oels,boelsmo@cocolog-nifty.com
Lavina Deval,ldeval3n@miitbeian.gov.cn
Fonzie Schorah,fschorahe7@google.nl
Quint Summerill,qsummerillqd@dell.com
Jammal Duffyn,jduffynbj@sbwire.com
Sheridan Paddington,spaddington1u@artisteer.com
Veriee Langstaff,vlangstaff58@chronoengine.com
Lilith Tyler,ltylerr7@smugmug.com
Thorny Mitchenson,tmitchensonnr@salon.com
Jaquelin Philot,jphilotfk@google.com.br
Brynn Gormally,bgormallydy@blinklist.com
Hermann Vasyutichev,hvasyutichev4g@nymag.com
Cullan Curror,ccurrorbt@theguardian.com
Gustave Oliphand,goliphandd9@trellian.com
Corny McDyer,cmcdyerjz@nifty.com
Ruben Yesipov,ryesipov5i@indiatimes.com
Carlynne Kreuzer,ckreuzerph@nih.gov
Wynnie Puckrin,wpuckrinha@google.pl
Sky Armor,sarmor66@mozilla.com
Donna Foston,dfostonfn@homestead.com
Malina Jaycocks,mjaycockso8@microsoft.com
Anderson Bessell,abessellog@dagondesign.com
Aloisia Lillecrap,alillecrapr1@google.com.br
Fidelio Crippill,fcrippill2b@ocn.ne.jp
Major Flatman,mflatmanbl@sfgate.com
Kelsey Dudding,kduddingek@slashdot.org
Jocelyne Simonnet,jsimonnet5@squidoo.com
Meara Von Gladbach,mvongladbacha6@usnews.com
Patti Turone,pturonem@mail.ru
Cy Cundy,ccundyes@lycos.com
Irene Spreull,ispreull3o@about.com
Maximilian Wardhaw,mwardhawfx@usatoday.com
Nora Di Lucia,ndilucia9@economist.com
Xymenes Towndrow,xtowndrowlw@foxnews.com
Luce Balam,lbalam86@newsvine.com
Raimondo Putterill,rputterill8c@feedburner.com
Corene Goldwater,cgoldwaterdo@webmd.com
Jarret MacAndie,jmacandie8o@wordpress.com
Sybyl Curtoys,scurtoysl1@google.com
Randall Snape,rsnapeor@cpanel.net
Kiah Stelfax,kstelfaxp2@oracle.com
Dacia Nutt,dnutta1@businessinsider.com
Jenna Crocetti,jcrocetti6s@hubpages.com
Erminie Shailer,eshailer28@wp.com
Juliane Vasechkin,jvasechkin23@timesonline.co.uk
Esra Ugolotti,eugolotti4q@jigsy.com
Aurthur Jewks,ajewks3m@pbs.org
Ariella Wallace,awallacerk@blogspot.com
Yurik Burgisi,yburgisi31@boston.com
Terrance Woodrooffe,twoodrooffebs@t-online.de
Farand Cowpe,fcowpe20@mlb.com
Drew Bridat,dbridati4@columbia.edu
Laughton Groucock,lgroucock9l@qq.com
Marion Tomczykowski,mtomczykowskied@storify.com
Stormy Bruckner,sbruckner36@npr.org
Lew Varfalameev,lvarfalameev65@timesonline.co.uk
Rudiger Skypp,rskypp9x@uol.com.br
Gusti Waeland,gwaelandhf@gizmodo.com
Natalya Areles,nareles24@github.io
Gonzales Willett,gwillett3a@ocn.ne.jp
Isadore Riehm,iriehmib@e-recht24.de
Clemens Konzelmann,ckonzelmann8n@eepurl.com
Maxie Kitchingman,mkitchingman67@loc.gov
Carlin Biasetti,cbiasettiee@bloglines.com
Huey Duding,hdudingr@house.gov
Rahel Mynett,rmynetti9@time.com
Anselm Pilmer,apilmer4r@ucoz.com
Edmund Symmons,esymmons3c@digg.com
Jeddy Cavill,jcavilllr@europa.eu
Blair Eltone,beltonemx@state.tx.us
Dagmar Kilshaw,dkilshawoa@tumblr.com
Westbrooke Skeldon,wskeldon96@parallels.com
Sandro Egginton,seggintonbc@mozilla.org
Jodi Ezzell,jezzellft@pen.io
Ambrosi Edscer,aedscer3b@howstuffworks.com
Dolorita Alessandrelli,dalessandrellipv@msu.edu
Cyndi Gallanders,cgallandersls@tinyurl.com
Hubert Cod,hcodng@uiuc.edu
Elsi Hunter,ehunteriu@weibo.com
Cristabel Laxtonne,claxtonneob@blog.com
Hewie Addinall,haddinall9e@google.com
Neil Jauncey,njauncey4o@utexas.edu
Starlene Yatman,syatmanhq@youku.com
Allegra Avis,aavish1@marriott.com
Parker Thomasson,pthomassone9@reuters.com
Lindsy Playle,lplayle6i@smugmug.com
Franz McKeney,fmckeney6c@boston.com
Brittaney Haugh,bhaugh6t@live.com
Codee Fyrth,cfyrthrd@patch.com
Jammie McGhie,jmcghie4z@pagesperso-orange.fr
Lynne Pocknoll,lpocknolllg@rambler.ru
Davey Witsey,dwitseykd@harvard.edu
Moss Waslin,mwaslinj0@ucsd.edu
Aristotle Lawn,alawnlx@surveymonkey.com
Hank Harling,hharlingjh@rambler.ru
Pauletta Beasant,pbeasantem@patch.com
Herman Barlie,hbarlieps@loc.gov
Steve Hymus,shymus7n@apple.com
Flossy Perryman,fperrymanlk@hubpages.com
Fredra Suggey,fsuggeyp5@printfriendly.com
Maximilien Hupe,mhupeqp@nationalgeographic.com
Grethel Poulsom,gpoulsome@techcrunch.com
Vassily Bowler,vbowlergq@buzzfeed.com
Ailyn Claybourn,aclaybourn7@mac.com
Terry Wetwood,twetwood92@slate.com
Marje Dahlgren,mdahlgrenai@state.gov
Eberto O'Cullinane,eocullinanequ@360.cn
Dalila Middis,dmiddishw@scientificamerican.com
Laurice Deuss,ldeussf4@bbb.org
Effie Denk,edenkoq@cyberchimps.com
Corine Atton,catton56@yahoo.co.jp
Corena Bodesson,cbodesson94@jigsy.com
Jocelyne Kilmister,jkilmister5s@home.pl
Ollie Bayns,obayns84@prweb.com
Agna Masser,amassergb@histats.com
Liam De Mars,ldemarsnw@infoseek.co.jp
Abran Escreet,aescreet42@nba.com
Jacob Croxall,jcroxall71@disqus.com
Daniella Faughnan,dfaughnann8@tinypic.com
Lane Aggis,laggis4u@disqus.com
Elsy Ferraraccio,eferraraccioqx@dot.gov
Raimundo Offin,roffin5m@mail.ru
Eliza Rozenbaum,erozenbaum2k@europa.eu
Karine Carley,kcarleyl@ehow.com
Daryn Bonsey,dbonsey0@fda.gov
Tory Thresher,tthresher8m@gizmodo.com
Fidelia Bonifant,fbonifant15@soup.io
Kati Iacobo,kiacobogm@cbc.ca
Gale Muskett,gmuskettpr@lulu.com
Ursuline Cisneros,ucisneros9m@4shared.com
Deidre Boscher,dboschereg@cpanel.net
Dorice Thinn,dthinnmc@ftc.gov
Katheryn Kilty,kkiltyca@goo.gl
Leela Dmitrievski,ldmitrievskigr@foxnews.com
Brody Beels,bbeels40@tiny.cc
Annabelle Jedrachowicz,ajedrachowiczax@addthis.com
Shaughn Gregon,sgregon8p@telegraph.co.uk
Dusty Trinke,dtrinke9p@paypal.com
Magnum Mayes,mmayes93@hatena.ne.jp
Bird Akess,bakessiv@storify.com
Rice Johnke,rjohnkeqw@topsy.com
Benton Scrimshire,bscrimshire1x@prweb.com
Alexis Firpo,afirpo2g@statcounter.com
Ellary Goldsmith,egoldsmithqc@taobao.com
Deeyn Lodge,dlodge3i@myspace.com
Dominga Sowten,dsowtenpe@amazon.co.uk
Dixie Anlay,danlayg3@umich.edu
Freddy Lascelles,flascelleskh@techcrunch.com
Clemente Talloe,ctalloe1z@godaddy.com
Ryon Fery,rferyn3@wordpress.com
Casie Folca,cfolca13@barnesandnoble.com
Sasha Edelheid,sedelheidb0@pcworld.com
Dodi MacDuff,dmacduff7g@yolasite.com
Wernher Symonds,wsymonds83@rakuten.co.jp
Christabella Farryann,cfarryannga@dyndns.org
Silvano Shiliton,sshiliton54@facebook.com
Fey Beadles,fbeadles9o@alibaba.com
Dorri Enric,denricco@gov.uk
Enrika Rowaszkiewicz,erowaszkiewicz8r@google.ca
Virgie Vigietti,vvigietti1y@tinypic.com
Chelsae Dillintone,cdillintoneoo@printfriendly.com
Chicky Glassopp,cglassoppe4@youku.com
Theresa Stanford,tstanfordj9@about.me
Janella Goricke,jgorickenn@opensource.org
Ethe Bonas,ebonasjc@yellowpages.com
Moina Giuron,mgiuronbf@wikipedia.org
Rocky Tuckie,rtuckiej8@hostgator.com
Ninnette Shillitoe,nshillitoenm@java.com
Connor Lockless,clocklessdu@foxnews.com
Al Roskell,aroskell2c@example.com
Roselin Beswell,rbeswell11@netvibes.com
Mirabel Headon,mheadon2y@ycombinator.com
Lorelle Dibsdale,ldibsdalem0@ycombinator.com
Kori Barczynski,kbarczynskibg@google.com.au
Tessie Chaize,tchaizeoy@symantec.com
Susana Baylie,sbaylie6l@goo.gl
Ddene Withull,dwithullp3@163.com
Tabb Totterdill,ttotterdill6w@cnbc.com
Der Stallard,dstallardfs@vistaprint.com
Donnie Crowth,dcrowthcd@patch.com
Ninon Ellerman,nellerman3j@archive.org
Josephine Tewes,jtewesip@behance.net
Carlotta Parysiak,cparysiak1p@craigslist.org
Hamish Absolom,habsolomp6@intel.com
Jerry Waddington,jwaddingtondi@reddit.com
Kimberli Lerohan,klerohanq0@soundcloud.com
Marje Hurren,mhurrenay@yandex.ru
Kylie Seiller,kseillerqa@ucoz.ru
Brigid Etchells,betchellscn@stanford.edu
Yves Windham,ywindhaml9@nytimes.com
Blondell Falls,bfallsdw@ox.ac.uk
Adele Guidoni,aguidoniak@guardian.co.uk
Lesya Danby,ldanbyiy@smh.com.au
Emile Abilowitz,eabilowitzh7@upenn.edu
Wyn Agates,wagatesi1@admin.ch
Giles Kubicka,gkubickar2@wufoo.com
Hamil Polycote,hpolycotepp@ed.gov
Rozanne Danet,rdanet1s@geocities.com
Beatrice Mottinelli,bmottinellina@yandex.ru
Morton Maffini,mmaffinil5@gizmodo.com
Wait Polfer,wpolfer8u@acquirethisname.com
Corry Retallack,cretallackmg@aol.com
Mylo Staning,mstaninggi@sourceforge.net
Luise Burghall,lburghallmv@nhs.uk
Asa Dignon,adignonk4@newyorker.com
Morty Chorlton,mchorltongg@chicagotribune.com
Darby Heistermann,dheistermannml@goo.ne.jp
Gibb Rivett,grivett8j@nps.gov
Tasia Stanislaw,tstanislaw89@jalbum.net
Sonya Stenton,sstenton1k@istockphoto.com
Free Broscombe,fbroscombef2@webeden.co.uk
Kaine Burder,kburder3h@creativecommons.org
Elane Phelips,ephelips8q@va.gov
Fan McCarty,fmccartyf6@irs.gov
Diane-marie McConway,dmcconwayf3@bravesites.com
Simonette Cotsford,scotsfordm6@yahoo.co.jp
Brandtr Fibbens,bfibbensn0@paypal.com
Preston Ferri,pferric6@independent.co.uk
Olivia Yakovitch,oyakovitch7s@time.com
Auberon Ilyinykh,ailyinykh72@jugem.jp
Aubrey Sorrell,asorrellev@wikispaces.com
Shelby De Stoop,sdestoopd3@deviantart.com
Grange Stainland,gstainlandam@chron.com
Paola Kerrey,pkerrey62@adobe.com
Eliza Wittrington,ewittringtont@biglobe.ne.jp
Cindra Younghusband,cyounghusbandjs@arizona.edu
Way Quartermain,wquartermainj3@jalbum.net
Wye Delatour,wdelatourfr@nymag.com
Symon Farfolomeev,sfarfolomeev7w@wix.com
Fonzie Ginley,fginley5f@vistaprint.com
Adena Trevorrow,atrevorrow57@xinhuanet.com
Jerrine Yggo,jyggog9@dedecms.com
Brit Lassells,blassellsg1@mediafire.com
Saul Loudon,sloudonb5@seattletimes.com
Janelle Brokenbrow,jbrokenbrowo6@seesaa.net
Kellen Danks,kdanks60@cnet.com
Conney Nettle,cnettlekf@latimes.com
Alejandrina Deboo,adeboolb@timesonline.co.uk
Susannah Holdforth,sholdforth5d@illinois.edu
Karine Eynaud,keynaudqj@ezinearticles.com
Lurette Shepherdson,lshepherdson6b@jimdo.com
Tandy Peacham,tpeachammm@berkeley.edu
Fernande Allwright,fallwright5q@newyorker.com
Wildon Kumaar,wkumaar85@sogou.com
Celisse Mathivat,cmathivatqb@home.pl
Dwain Finicj,dfinicjcr@sciencedirect.com
Lurline Bispham,lbisphampz@com.com
Dawna Greedy,dgreedyc3@eventbrite.com
Isiahi Piggin,ipiggin9r@adobe.com
Geralda Placstone,gplacstone4i@rambler.ru
Stavro Lovel,slovelis@bluehost.com
Antons Colter,acolterpa@umich.edu
Anne Luciani,aluciani21@constantcontact.com
Isaiah Caldron,icaldronlq@tinyurl.com
Brooks Birdwistle,bbirdwistleap@yahoo.co.jp
Charisse Yelding,cyeldingd8@tinypic.com
Miquela Clash,mclashdb@cam.ac.uk
Paquito Palombi,ppalombi5o@furl.net
Val Keepe,vkeepend@indiatimes.com
Packston Galpin,pgalpinw@slashdot.org
Haleigh Sellwood,hsellwoodon@imdb.com
Ignacius Boch,ibochkn@google.es
Hetty Noto,hnoto8x@dailymail.co.uk
Riane Cabena,rcabenad@reverbnation.com
Eli Queen,equeenme@shop-pro.jp
Gertrudis Ghiron,gghirone8@ycombinator.com
Tynan Reglar,treglarms@liveinternet.ru
Saunder Portal,sportala@unesco.org
Missie Clausner,mclausner27@howstuffworks.com
Jonathan Goldsberry,jgoldsberrych@networkadvertising.org
Brigham Bleasby,bbleasbyj2@tamu.edu
Bryana Wakenshaw,bwakenshawn@mail.ru
Bessy Getcliffe,bgetcliffe22@blinklist.com
Hedwig McGonagle,hmcgonaglen9@guardian.co.uk
Abigael Amis,aamisn1@moonfruit.com
Timotheus Mattocks,tmattockscj@friendfeed.com
Yancy Weerdenburg,yweerdenburg9u@phoca.cz
Timmy Phelips,tphelips33@4shared.com
Susi Snartt,ssnarttal@friendfeed.com
Harris Atwel,hatwel3e@apache.org
Akim Poston,apostonet@baidu.com
Mozes Tynemouth,mtynemouthia@prnewswire.com
Aguistin Sephton,asephtond5@ft.com
Rolf Till,rtillks@jiathis.com
Dani Dearle,ddearle8b@simplemachines.org
Baird Lillicrop,blillicrop4c@youtube.com
Bryn Facchini,bfacchinicv@cargocollective.com
Darcie Havvock,dhavvockg@chronoengine.com
Elane Ilyukhov,eilyukhovnb@topsy.com
Neilla Couronne,ncouronne6m@hatena.ne.jp
Yetta Teal,yteale6@state.gov
Clarence Oxburgh,coxburghov@cdc.gov
Claudine Helm,chelmic@mayoclinic.com
Fitzgerald Mearing,fmearingj6@list-manage.com
Stephan Draycott,sdraycott75@hhs.gov
Gallard Ilyinykh,gilyinykhb4@cbc.ca
Kelby Jakoubek,kjakoubek7f@indiegogo.com
Donavon Tonkin,dtonkindj@umich.edu
Sadye Scotson,sscotson1t@utexas.edu
Cyrill Bolden,cboldenla@ed.gov
Raye Tomasek,rtomasekfz@ucsd.edu
Mellicent Murr,mmurr2m@slideshare.net
Horton Fieldhouse,hfieldhousem9@reverbnation.com
Lida Woan,lwoan7x@clickbank.net
Arvin Urien,aurienao@baidu.com
Yul Lowthian,ylowthian18@netlog.com
Auberon Casetta,acasetta7d@live.com
Cosette Pinwill,cpinwilljo@wikispaces.com
Ebeneser Tesmond,etesmond9y@loc.gov
Mira Ody,modyf8@flavors.me
Jessica Oughton,joughton6@rediff.com
Debera Forsdike,dforsdikek1@wikimedia.org
Ashlan Tomaello,atomaellocm@usgs.gov
Sydney Beagley,sbeagleykp@mail.ru
Kristi Antonoczyk,kantonoczykly@dailymotion.com
Spence Quittonden,squittondenq4@people.com.cn
Fanchette Cellone,fcellonepj@simplemachines.org
Alair Indgs,aindgs98@chron.com
Siana Stiles,sstilese0@patch.com
Hanny Frid,hfridjn@huffingtonpost.com
Cordi Grenshiels,cgrenshielsdg@shareasale.com
Miquela Hargraves,mhargraves78@joomla.org
Daveta Farmar,dfarmarlh@google.fr
Kenyon Dyet,kdyeta2@cam.ac.uk
Christina Shevels,cshevelspi@hatena.ne.jp
Blancha Pearcehouse,bpearcehoused0@ehow.com
Eimile Chatband,echatbandae@networkadvertising.org
Marcel Howerd,mhowerd1o@nature.com
Aurelea Rase,araseoi@comsenz.com
Darrel Eberz,deberzos@bing.com
Devon Jerdon,djerdon6z@domainmarket.com
Randie Eddington,reddington2d@dyndns.org
Britteny Lutty,bluttyaa@va.gov
Gaelan Camois,gcamoisq2@blogtalkradio.com
Northrop Bristo,nbristoql@ezinearticles.com
Lilith Danielsky,ldanielskymn@wikipedia.org
Vida Mervyn,vmervyn95@oaic.gov.au
Adina Frape,afrapel8@51.la
Morten Core,mcorenc@baidu.com
Kellina Tardiff,ktardiffdh@harvard.edu
Betsey Mennell,bmennellf9@fema.gov
Rona Sproston,rsprostonpl@salon.com
Midge Tudgay,mtudgay8i@npr.org
Geralda Evershed,gevershedjr@gizmodo.com
Linoel Patient,lpatient76@dell.com
Madeleine Bartolomieu,mbartolomieu41@tinypic.com
Emmalynn Thornton,ethornton6d@free.fr
Hyacinth Ketch,hketchd1@w3.org
Paxton Derkes,pderkes64@facebook.com
Prentiss Spillard,pspillardop@imgur.com
Bee Simpkins,bsimpkinsrn@xing.com
Boycey Borg-Bartolo,bborgbartolono@lycos.com
Wyatan Wickardt,wwickardt7h@squidoo.com
Flint Sonier,fsonier1i@taobao.com
Euphemia Mallaby,emallaby4d@yellowbook.com
Berty Suttaby,bsuttabygs@cisco.com
Killie Danat,kdanath5@latimes.com
Hodge Ruler,hrulerff@state.tx.us
Vilhelmina Sorro,vsorrok7@cnet.com
Daisi Ferrarone,dferraronejm@skype.com
Coleen Belliard,cbelliardp9@state.gov
Annissa Savell,asavellrq@tmall.com
Willow Carlesi,wcarlesic7@yellowbook.com
Stormie Cannon,scannonav@home.pl
Maddalena Wickwarth,mwickwarth6e@ox.ac.uk
Sigmund Slucock,sslucockcf@nih.gov
Neely Bigg,nbigg6o@berkeley.edu
Yurik Moogan,ymooganhb@smh.com.au
Giulia Trammel,gtrammelg5@sitemeter.com
Bastien Inett,binettaz@jalbum.net
Lark Barrand,lbarrand82@virginia.edu
Killie Girardoni,kgirardoni7u@linkedin.com
Griffin Michie,gmichieny@parallels.com
Witty Duinbleton,wduinbletonh4@google.nl
Adara Bailiss,abailisshp@rakuten.co.jp
Natale Entwisle,nentwisle1v@google.it
Malva Devaney,mdevaneygo@statcounter.com
Lucita Illiston,lillistonfb@nytimes.com
Morlee Chapelhow,mchapelhowkt@hubpages.com
Wilton Noone,wnoone43@state.tx.us
Hammad Fazakerley,hfazakerleyod@clickbank.net
Maura Twigg,mtwiggjy@tinyurl.com
Jarred Campa,jcampafe@columbia.edu
Charline Rhys,crhysat@t-online.de
Galven Gensavage,ggensavage39@i2i.jp
Kellby Adenot,kadenotc0@t.co
Kelley Hunnaball,khunnaball4v@umn.edu
Norris Giggie,ngiggierj@ca.gov
Bernardo Gudgin,bgudgingp@gnu.org
Reid Surr,rsurrpq@infoseek.co.jp
Anjela Kauscher,akauscher5z@google.co.uk
Zulema Barz,zbarzij@sogou.com
Morey Lytell,mlytellmt@simplemachines.org
Bo Knell,bknellfj@geocities.jp
Budd Gotmann,bgotmann4j@shutterfly.com
Ignazio Edelman,iedelmank3@wikia.com
Brianna Ballinghall,bballinghalldk@dion.ne.jp
Sarge Dangerfield,sdangerfieldq1@google.co.uk
Frankie Matthensen,fmatthensenot@topsy.com
Daune Bartosek,dbartoseknx@yahoo.com
Valida Carress,vcarress5t@zimbio.com
Stacie Ealden,sealdenr3@360.cn
Flemming Bracken,fbracken6x@japanpost.jp
Colene Walkley,cwalkleyko@taobao.com
Kimble Acarson,kacarsonq7@blogtalkradio.com
